document,chunk,text,question
automind:-enterprise-grade-ai-assistants-done-right,0,"Introducing Automind: Enterprise-Grade AI Assistants Done RightWhile creating autonomous AI agents may seem straightforward, deploying them in enterprise environments raises significant challenges around security, reliability, scalability, usability, and integration.",What are some challenges of deploying autonomous AI agents in enterprise environments?
automind:-enterprise-grade-ai-assistants-done-right,1,"Simply combining off-the-shelf ingredients like language models and retrieval tools is akin to a home cook attempting a Michelin-starred meal - disastrous results are likely.We recognized that building truly robust, enterprise-grade AI assistants requires deep expertise spanning AI, systems infrastructure, security, and software engineering.",Why is it challenging to create high-quality AI assistants just by using readily available components?
automind:-enterprise-grade-ai-assistants-done-right,2,"Our Automind platform is founded on sophisticated technical insights that integrate classic computer science with modern large language models.Informed by decades of experience at companies like Microsoft and Meta, the Automind platform prioritizes enterprise requirements like security, reliability, and scalability.",What kind of experience does the team behind the Automind platform have?
automind:-enterprise-grade-ai-assistants-done-right,3,"Our AI agents run as concurrent, fault-tolerant actors with persistent memory and hot-swappable models.",What are some features of the AI agents described?
automind:-enterprise-grade-ai-assistants-done-right,4,"Dynamic guardrails and access controls ensure data privacy and safe model behavior.State-of-the-art AI components like intelligent routing, semantic indexing, and local re-ranking produce accurate, trustworthy results.",How do dynamic guardrails and access controls contribute to data privacy and safe model behavior?
automind:-enterprise-grade-ai-assistants-done-right,5,Infinite memory lets users refer back to past conversations.,What feature allows users to look back at previous chats?
automind:-enterprise-grade-ai-assistants-done-right,6,"Careful lineage tracking enables citation, auditing, and compliance.A no-code workflow instruction paradigm allows anyone to train custom assistants through simple annotations, without programming.",How does the no-code workflow instruction paradigm help in training custom assistants?
automind:-enterprise-grade-ai-assistants-done-right,7,These assistants can then generalize to solve new problems.,What is the purpose of these assistants?
automind:-enterprise-grade-ai-assistants-done-right,8,"Leveraging techniques from compilers, Automind can even automatically fine-tune and deploy custom models per enterprise, team, or individual.In this talk, we introduce Automind and share the key insights that transformed a seemingly simple task into a formidable technical challenge - and how we overcame it.",What can Automind do to customize models for different users?
automind:-enterprise-grade-ai-assistants-done-right,9,"""It is unbecoming for accomplished individuals to expend valuable time on tasks that could be efficiently handled by machines or delegated to others.",Why should accomplished individuals avoid spending too much time on tasks that could be handled by machines or delegated to others?
automind:-enterprise-grade-ai-assistants-done-right,10,"""Gottfried Wilhelm Leibniz (1646-1716)",Who was a notable philosopher and mathematician from the 17th century?
a-passwordless-future!-passkeys-for-developers,0,Weak passwords remain one of the major causes of breaches and security incidents.,Why do weak passwords contribute to security breaches?
a-passwordless-future!-passkeys-for-developers,1,The Web Authentication standard provides a robust framework for passwordless authentication using passkeys.,What does the Web Authentication standard help with?
a-passwordless-future!-passkeys-for-developers,2,Passkeys are the latest revolution in authentication.,What are passkeys used for?
a-passwordless-future!-passkeys-for-developers,3,You may have used it with Google or GitHub.,What popular services or platforms might people have used for version control or web searches?
a-passwordless-future!-passkeys-for-developers,4,But what exactly is it and how does it work?,What is it and how does it function?
a-passwordless-future!-passkeys-for-developers,5,You will learn all about it in this talk.,What information will be covered in the talk?
a-passwordless-future!-passkeys-for-developers,6,"We will dive into the core concepts of passkeys, their architecture, and their pros and cons.","What are the main ideas behind passkeys, their structure, and their advantages and disadvantages?"
a-passwordless-future!-passkeys-for-developers,7,We will see how Passkey leverages public key cryptography and biometrics/hardware authenticators to offer enhanced security and usability while eliminating the vulnerabilities associated with traditional password-based systems.We will explore how developers can leverage WebAuthn libraries to implement passkeys in their apps.,How does Passkey utilize public key cryptography and biometrics to enhance security?
a-passwordless-future!-passkeys-for-developers,8,We will also learn to use passkeys with external Identity providers.,How do we use passkeys with external Identity providers?
a-passwordless-future!-passkeys-for-developers,9,"There will be demos, showing step-by-step integration of passkeys into web applications.",What will the demos demonstrate in relation to web applications?
nn‚Äôs-successful-application-of-chatgpt-technology-for-automated-call-logging,0,"Two years before ChatGPT was launched, NN Group tested OpenAI‚Äôs model for the Dutch language.",When was OpenAI's model for the Dutch language tested by NN Group in relation to the launch of ChatGPT?
nn‚Äôs-successful-application-of-chatgpt-technology-for-automated-call-logging,1,"The experiment was successful, and OpenAI asked NN Group to test other AI models, including ChatGPT.",What did OpenAI request NN Group to do after the initial experiment was successful?
nn‚Äôs-successful-application-of-chatgpt-technology-for-automated-call-logging,2,The team spent 1.5 years experimenting with ChatGPT to ensure the safe use of the technology without giving away company data.,How long did the team spend testing ChatGPT to ensure it was used safely without risking company data?
nn‚Äôs-successful-application-of-chatgpt-technology-for-automated-call-logging,3,"Now, NN Group is one of the first companies in Europe to apply ChatGPT technology on a large scale in production for Automated Call Logging.",What is one of the first companies in Europe to widely use ChatGPT technology for Automated Call Logging?
nn‚Äôs-successful-application-of-chatgpt-technology-for-automated-call-logging,4,"Learn about how they applied ChatGPT, got the business on board, and the challenges they faced.",How did they manage to integrate ChatGPT into their business operations and what obstacles did they encounter?
nn‚Äôs-successful-application-of-chatgpt-technology-for-automated-call-logging,5,Get inspired to learn more about the potential of AI in business.,How can AI potentially benefit businesses?
observability:-a-catalyst-for-sustainable-engineering,0,We all acknowledge the immense effort required to combat climate change.,What actions are being taken to address climate change?
observability:-a-catalyst-for-sustainable-engineering,1,"With the rapid advancement of technology, our ecological footprint has skyrocketed.",How has the growth of technology impacted our environmental footprint?
observability:-a-catalyst-for-sustainable-engineering,2,It is time for a change.,Why is now the right time to make a change?
observability:-a-catalyst-for-sustainable-engineering,3,However the the ongoing dialogue on this matter has many of us getting weary.,Why are people becoming tired of the continuous discussions on this issue?
observability:-a-catalyst-for-sustainable-engineering,4,This does not mean the subject is any less import and urgent.But what can we do as engineers?,What actions can engineers take to address the urgent and important subject?
observability:-a-catalyst-for-sustainable-engineering,5,How do we transform our landscape for sustainability?,How can we reshape our environment to achieve sustainability?
observability:-a-catalyst-for-sustainable-engineering,6,"The obvious answer seems to be ""go to the cloud"" and ""go serverless"".",What are some common solutions for managing computing resources efficiently?
observability:-a-catalyst-for-sustainable-engineering,7,But is that enough?,Is what mentioned sufficient?
observability:-a-catalyst-for-sustainable-engineering,8,And can that always be done?,Is it possible to achieve that consistently?
observability:-a-catalyst-for-sustainable-engineering,9,"In this session we go beyond the obvious and delve into the engineer's role in leveraging observability to benefit humanity and the planet.Leaving this session you will have practical tools where to start, what to look out for and your first steps for a more sustainable future.Because you can only change what you can observe.",How does the engineer's role in leveraging observability contribute to a more sustainable future?
getting-smart-with-kvk‚Äôs-synthetic-data,0,Join us for an enlightening session where Waseem Sadiq delves into the innovative use of synthetic data at the KvK (Chamber of Commerce).,What will Waseem Sadiq discuss regarding synthetic data at the KvK event?
getting-smart-with-kvk‚Äôs-synthetic-data,1,This presentation will explore the fascinating intersection of data privacy and open government data‚Äîfields often seen at odds.,How do data privacy concerns interact with the principles of open government data?
getting-smart-with-kvk‚Äôs-synthetic-data,2,"Discover how synthetic data serves as a revolutionary solution, providing privacy-compliant data that retains the authenticity necessary for robust data analysis and integration.",How does synthetic data help maintain privacy while ensuring data authenticity for analysis?
getting-smart-with-kvk‚Äôs-synthetic-data,3,"Learn about the KvK‚Äôs current projects and future plans to make this synthetic data publicly available, enabling the market to leverage it for diverse use cases.",What are the future goals regarding making synthetic data publicly accessible for market use?
getting-smart-with-kvk‚Äôs-synthetic-data,4,Don't miss this opportunity to see how synthetic data is shaping the future of data privacy and open data initiatives!,How is synthetic data influencing the future of data privacy and open data initiatives?
lessons-learned-from-building-a-generative-ai-playground,0,"Generative AI, there are those who talk about it and those who build with it.",What is the difference between people who talk about generative AI and those who build with it?
lessons-learned-from-building-a-generative-ai-playground,1,"In this session, I share the lessons learned from building the [.NET FM Playground](https://github.com/build-on-aws/dotnet-fm-playground).",What is this session about?
lessons-learned-from-building-a-generative-ai-playground,2,This project has started as a way to educate myself on this broad and new domain.,Why was the project initiated?
lessons-learned-from-building-a-generative-ai-playground,3,No better way for me to learn than getting my hands dirty.,What method does the speaker prefer for learning?
lessons-learned-from-building-a-generative-ai-playground,4,"During the session, you get a hands-on, developer oriented understanding on how to use Generative AI in your application.",What will participants learn about during the session?
lessons-learned-from-building-a-generative-ai-playground,5,"You won't hear about training large language models (LLMs), I'm no ML expert.We walk through the different playgrounds to understand a few key concepts.",What are some key concepts you can learn about by exploring different playgrounds for large language models?
lessons-learned-from-building-a-generative-ai-playground,6,The Text playground helps us to make our first steps with LLMs and do a bit of prompt engineering.,What can assist us in taking initial steps with large language models and experimenting with prompt engineering?
lessons-learned-from-building-a-generative-ai-playground,7,The Chat playground surfaces why and how you can memorize your conversation.,What purpose does memorizing your conversation in the Chat playground serve?
lessons-learned-from-building-a-generative-ai-playground,8,The Voice Chat playground showcases how you can mix and match different AI technologies to deliver voice-based interactions.,What does the Voice Chat playground demonstrate regarding AI technologies?
lessons-learned-from-building-a-generative-ai-playground,9,"The Agent playground illustrates how you can use Retrieval Augmented Generation pattern to overcome LLMs knowledge limitation and how you can make them accomplish complex tasks.When you walk out from this talk, I hope you go build your first Generative AI enabled app.",What is the purpose of the Agent playground in relation to Generative AI?
from-r&d-to-machine-learning-products,0,"In the keynote ""From R&D to ML Products,"" we explore Picnic's journey in scaling machine learning within our organization, from initial research and development to deploying full-scale ML products.","What is discussed in the keynote ""From R&D to ML Products""?"
from-r&d-to-machine-learning-products,1,"This talk delves into the challenges faced, the tech stack that enabled our growth, and key learnings acquired along the way.",What were the main challenges encountered during the growth process?
from-r&d-to-machine-learning-products,2,"Emphasizing the transition from experimental projects to impactful applications, we discuss the importance of aligning ML initiatives with business goals, fostering innovation, and the crucial role of cross-functional collaboration.",Why is it important for machine learning projects to be aligned with business objectives?
from-r&d-to-machine-learning-products,3,"Through our experiences, we offer insights and strategies for organizations looking to navigate the complex yet rewarding path of integrating ML technologies into their operations effectively.",What do you provide to help organizations integrate ML technologies into their operations?
the-art-of-questions:-creating-a-semantic-search-based-question-answering-system-with-llms,0,Ever thought about building your very own question-answering system?,Have you ever considered creating your own question-answering system?
the-art-of-questions:-creating-a-semantic-search-based-question-answering-system-with-llms,1,"Like the one that powers Siri, Alexa, or Google Assistant?",Are you referring to the technology used in digital voice assistants?
the-art-of-questions:-creating-a-semantic-search-based-question-answering-system-with-llms,2,"Well, we've got something awesome lined up for you!In our hands-on workshop, we'll guide you through the ins and outs of creating a question-answering system.",What will participants learn in the hands-on workshop?
the-art-of-questions:-creating-a-semantic-search-based-question-answering-system-with-llms,3,We prefer using Python for the workshop.,Why is Python the preferred language for the workshop?
the-art-of-questions:-creating-a-semantic-search-based-question-answering-system-with-llms,4,We have prepared a GUI that works with python.,What programming language is the GUI compatible with?
the-art-of-questions:-creating-a-semantic-search-based-question-answering-system-with-llms,5,"If you prefer another language, you can still do the workshop, but you will miss the GUI to test your application.",What will you miss if you choose to use a different programming language for the workshop?
the-art-of-questions:-creating-a-semantic-search-based-question-answering-system-with-llms,6,"You'll get your hands dirty with vector stores and Large Language Models, we help you combine these two in a way you've never done before.You've probably used search engines for keyword-based searches, right?",Have you ever used search engines to look for keywords?
the-art-of-questions:-creating-a-semantic-search-based-question-answering-system-with-llms,7,"Well, prepare to have your mind blown.",What kind of surprising information or event is about to be revealed?
the-art-of-questions:-creating-a-semantic-search-based-question-answering-system-with-llms,8,"We'll dive into something called semantic search, which is the next big thing after traditional searches.",What is semantic search and how is it different from traditional searches?
the-art-of-questions:-creating-a-semantic-search-based-question-answering-system-with-llms,9,"It‚Äôs like moving from asking Google to search ""best pizza places"" to ""Where can I find a pizza place that my gluten-intolerant, vegan friend would love?""",How does the new way of searching for pizza places differ from the old way?
the-art-of-questions:-creating-a-semantic-search-based-question-answering-system-with-llms,10,"‚Äì you get the idea, right?We‚Äôll be teaching you how to build an entire pipeline, starting from collecting data from various sources, converting that into vectors (yeah, it‚Äôs more math, but it‚Äôs cool, we promise), and storing it so you can use it to answer all sorts of queries.",What is the overall goal of building the pipeline mentioned?
the-art-of-questions:-creating-a-semantic-search-based-question-answering-system-with-llms,11,It's like building your own mini Google!We've got a repository ready to help you set up everything you need on your laptop.,What can the repository help you do on your laptop?
the-art-of-questions:-creating-a-semantic-search-based-question-answering-system-with-llms,12,"By the end of our workshop, you'll have your question-answering system ready and running.So, why wait?",What will participants have completed by the end of the workshop?
the-art-of-questions:-creating-a-semantic-search-based-question-answering-system-with-llms,13,"Grab your laptop, bring your coding hat, and let's start building something fantastic together.",What should you bring to start building something fantastic together?
the-art-of-questions:-creating-a-semantic-search-based-question-answering-system-with-llms,14,"Trust us, it‚Äôs going to be a blast!Some of the highlights of the workshop:Use a vector store (OpenSearch, Elasticsearch, Weaviate)Use a Large Language Model (OpenAI, HuggingFace, Cohere, PaLM, Bedrock)Use a tool for content extraction (Unstructured, Llama)Create your pipeline (Langchain, Custom)",What will participants learn to use for content extraction in the workshop?
automatically-generating-regression-unit-tests-at-instagram,0,At Instagram we believe that automation can and should replace humans when possible to free up engineers for the more complicated work that can not be automated.,Why does Instagram want to use automation to replace humans?
automatically-generating-regression-unit-tests-at-instagram,1,"For that reason we created a tool to automatically generate unit tests called TestGen.TestGen automatically generates unit tests, carved from serialized observations of complex objects, observed during app execution.",What does the tool TestGen do?
automatically-generating-regression-unit-tests-at-instagram,2,In this talk we will describe the development and deployment of TestGen at Meta.,What is TestGen and how was it developed and deployed at Meta?
automatically-generating-regression-unit-tests-at-instagram,3,"In particular, we focus on the scalability challenges overcome during development in order to deploy observation-based test carving at scale in industry.",What scalability challenges had to be overcome to deploy observation-based test carving in the industry?
automatically-generating-regression-unit-tests-at-instagram,4,"So far, TestGen has landed 518 tests into production, finding 5,702 faults.",How many faults have been discovered by TestGen in production so far?
automatically-generating-regression-unit-tests-at-instagram,5,Meta is currently in the process of more widespread deployment.,What is Meta in the process of doing right now?
automatically-generating-regression-unit-tests-at-instagram,6,Testing on 16 Kotlin Instagram app-launchblocking tasks demonstrated that the TestGen tests would have trapped 13 of these before they became launch blocking.,What was the result of applying TestGen tests to the Kotlin Instagram app-launchblocking tasks?
ephemeral-clusters-as-a-service-with-clusterapi-and-gitops,0,GitOps has seen widespread adoption in the last few years due to the clear advantages over traditional CI/CD tools.,What are the benefits of using GitOps instead of traditional CI/CD tools?
ephemeral-clusters-as-a-service-with-clusterapi-and-gitops,1,"However, with adoption comes the growing pains of scale: running and managing multiple clusters across different cloud providers represents a major hurdle for organizations wanting to adopt Kubernetes as a standard deployment platform.",What challenge do organizations face when trying to adopt Kubernetes on a large scale?
ephemeral-clusters-as-a-service-with-clusterapi-and-gitops,2,"In particular, observability and security at scale are two thorny aspects that need to be addressed; we will demonstrate how it‚Äôs possible to tame the complexity of such scaled infrastructure via open-source tools, such as ClusterAPI, ArgoCD and Prometheus+Thanos to provide control and visibility over an arbitrary number of clusters.",What open-source tools can help manage and monitor complex infrastructures with many clusters?
ephemeral-clusters-as-a-service-with-clusterapi-and-gitops,3,"We will show a sample, created after our collective experience at large scale customers, which can automate the deployment of hundreds of clusters and applications automatically and securely, and collect metrics from all the ephemeral clusters along the way.",How does the sample help in automating the deployment of numerous clusters and applications?
sustainable-software:-may-the-green-code-be-with-you,0,"In a galaxy not so far away, software development is taking on an eco-friendly twist!",How is software development becoming more environmentally friendly?
sustainable-software:-may-the-green-code-be-with-you,1,"Join me for a journey into the world of Green Software Development, where we explore how the Force of sustainability can be harnessed to create a better, greener future for software and the planet.We'll fly away to various topics, including:- The Green Side of Code: Discover the fundamental principles of Green Software Development and how they can lead to reduced energy consumption, lower carbon footprints, and more environmentally responsible software.- Eco-Jedi Tools: Explore the tools and techniques at the heart of Green Software Development, including energy-efficient coding practices and sustainable development methodologies.- Carbon Emissions and the Dark Side: Learn about the environmental impact of software and how we can combat the ""Dark Side"" of excessive energy consumption with eco-conscious programming.- Ewoks vs. Energy Efficiency: Are you building your software like the energy-efficient Ewoks or the resource-hungry Death Star?- The Path to a Greener Future: We'll discuss the challenges and opportunities ahead on our journey toward a more sustainable software galaxy and how you can be a part of it.Join me for an engaging and informative presentation where we combine the power of technology and the wisdom of the Jedi to bring balance to the software development Force.",What are some of the principles of Green Software Development that help reduce energy consumption?
sustainable-software:-may-the-green-code-be-with-you,2,"Together, we'll ensure that the code is green, and our planet is preserved for generations to come.",How does making the code green help in preserving the environment for future generations?
sustainable-software:-may-the-green-code-be-with-you,3,May the Green Code Be with You!,What is the significance of the Green Code philosophy?
how-an-outage-sparked-a-full-rethink-of-essent‚Äôs-cloud-architecture,0,"Essent‚Äôs services, such as our website and mobile apps, were disrupted for over a week due to a sudden and persistent increase in customer-generated traffic, triggered by the war in Ukraine and escalating concerns over energy prices.Upon recovering our services, we analyzed our resilience strategies and realized that increasing team ownership and autonomy was crucial for the rapid innovation and change we aimed to achieve.This talk will detail our journey through this disruption, highlight our key learnings, and explain the steps we took to re-architect our Cloud platform.",What initially caused the interruption of Essent's services?
how-an-outage-sparked-a-full-rethink-of-essent‚Äôs-cloud-architecture,1,"We'll explain how these changes not only prevent future incidents but also align our cloud infrastructure with our ambition to become a leading energy tech company, enhancing both technology adoption and innovation.",How do these changes help align the cloud infrastructure with the company's goal of becoming a leading energy tech firm?
how-to-write-maintainable-code-in-a-large-organisation,0,"What if you‚Äôre working in a large organisation, doing the same thing but separately?",How do you collaborate with colleagues when you're independently performing the same tasks in a large organization?
how-to-write-maintainable-code-in-a-large-organisation,1,How can you work together to become an efficient organisation?,How can team collaboration improve an organization's efficiency?
how-to-write-maintainable-code-in-a-large-organisation,2,"Within Rabobank we have many departments who try to solve this problem, from re-usable pipeline templates to IT4T teams.",What approaches is Rabobank using to address this issue?
how-to-write-maintainable-code-in-a-large-organisation,3,But what about reusing code?,Why is it important to consider reusing code?
how-to-write-maintainable-code-in-a-large-organisation,4,We all want to be autonomous and be masters of our own code however this comes at a cost: code duplication.,What is one downside of striving for autonomy in coding?
how-to-write-maintainable-code-in-a-large-organisation,5,In this presentation I will start with sharing some of the low hanging fruit to remove duplication and will end with how to efficiently work together to reduce duplication.,What are some easy steps to eliminate duplication?
how-to-write-maintainable-code-in-a-large-organisation,6,I will demonstrate the use of these concepts in a Java-based Spring Boot application in a microservices architecture and provide some examples of best practices and potential pitfalls.,What will be demonstrated in a Java-based Spring Boot application in a microservices architecture?
how-to-write-maintainable-code-in-a-large-organisation,7,"By the end of this presentation, you will have a better understanding of how to leverage each of these concepts to simplify and improve your development process across your organisation.",What will you gain from attending this presentation?
how-to-write-maintainable-code-in-a-large-organisation,8,"Most importantly you will learn how to reduce your code and find the right abstraction, in turn creating happy developers.",How can you create happier developers through the right code abstraction?
"the-future-of-ai:-consciousness,-djano,-and-the-evolution-of-technology",0,"In this engaging lecture, we delve into the fascinating world of artificial intelligence (AI), consciousness, and the role of Djano as a bespoke AI solution.",What topics are covered in the lecture about artificial intelligence?
"the-future-of-ai:-consciousness,-djano,-and-the-evolution-of-technology",1,"We begin by exploring the definition of AI and how it has evolved from an abstract concept to a powerful tool transforming our society.Next, we delve into the concept of consciousness and the role it plays in the evolution of AI.",What is the relationship between consciousness and the development of AI?
"the-future-of-ai:-consciousness,-djano,-and-the-evolution-of-technology",2,"We examine the question of whether AI can ever achieve consciousness and how this may change our understanding of intelligence and self-awareness.Finally, we examine Djano, a leading AI platform offering tailored solutions for businesses in various sectors.",What is the impact of AI potentially achieving consciousness on our perception of intelligence and self-awareness?
"the-future-of-ai:-consciousness,-djano,-and-the-evolution-of-technology",3,"We discuss how Djano pushes the boundaries of AI by combining advanced algorithms and deep analysis with empathy and understanding of human experiences.Whether you're a technology enthusiast, a business leader seeking innovative solutions, or simply curious about the future of AI, this lecture provides an engaging and inspiring insight into the power of technology and the human mind.",How does Djano combine advanced algorithms with human empathy in AI?
the-ai-elections:-how-technology-could-shape-public-sentiment,0,"Abstract:In the age of Deepfakes and Large Language Models (LLMs), the threat of misusing AI for shaping and manipulating public sentiment has reached unprecedented levels.",How has the misuse of AI technologies impacted public opinion?
the-ai-elections:-how-technology-could-shape-public-sentiment,1,"In this talk, we shed light on the capabilities of Artificial Intelligence (AI), and its potential implications for our societies.As the pivotal elections in both the UK and USA loom in 2024, it is important to understand the evolving landscape of political influence, particularly in the digital realm.",What is the significance of AI in the context of upcoming elections in the UK and USA?
the-ai-elections:-how-technology-could-shape-public-sentiment,2,Remembering the impact of Cambridge Analytica's manipulation during the Brexit era serves as a reminder of how information can be distorted to sway public opinion.,How did Cambridge Analytica manipulate information to influence public opinion during the Brexit era?
the-ai-elections:-how-technology-could-shape-public-sentiment,3,"In this keynote, we show the capabilities of modern AI and how they can be misused for shaping public opinion, using examples like Realtime Deepfakes and LLM-powered chatbots.",What are some examples of how modern AI can be used to manipulate public opinion?
the-ai-elections:-how-technology-could-shape-public-sentiment,4,"Through a series of live demonstrations and showcases, we unveil the inner workings and technical foundation of these neural networks, highlight their capabilities and their weaknesses, and give an outlook on how we as a society can resist manipulation.In a world where technology shapes narratives, understanding its potential and pitfalls is crucial.",What is the purpose of the live demonstrations and showcases of neural networks?
the-ai-elections:-how-technology-could-shape-public-sentiment,5,"This talk aims to spark discourse and promote a future where technology serves societal betterment, not manipulation.",What is the main goal of this talk?
practical-genai-‚Äì-beyond-the-hype-and-existential-dread,0,"Generative AI has much to offer developers, businesses, educational institutions, and society as a whole.",What are the potential benefits of generative AI for different sectors like businesses and educational institutions?
practical-genai-‚Äì-beyond-the-hype-and-existential-dread,1,"However, since ChatGPT was launched, the focus has mainly been on the hype and existential dread.",What has been the primary focus since the launch of ChatGPT?
practical-genai-‚Äì-beyond-the-hype-and-existential-dread,2,"This talk will look at the implementation of GenAI in real-life applications and how the technology can be used to speed up development, increase creativity, and make better products.",How can GenAI help in speeding up the development of products?
your-frontend-is-‚ò†Ô∏è-‚ö†Ô∏è-let's-measure-it's-impact-with-co2.js,0,"Are you a software developer, architect, or manager, eager and ready to make a significant impact on the world?",Who is the target audience for this message?
your-frontend-is-‚ò†Ô∏è-‚ö†Ô∏è-let's-measure-it's-impact-with-co2.js,1,Do you want to solve complex puzzles to make the world a little bit better?,Would you enjoy tackling challenging puzzles to contribute to a positive change?
your-frontend-is-‚ò†Ô∏è-‚ö†Ô∏è-let's-measure-it's-impact-with-co2.js,2,Then this is your chance!,What opportunity is being offered?
your-frontend-is-‚ò†Ô∏è-‚ö†Ô∏è-let's-measure-it's-impact-with-co2.js,3,Let's try to fix the Climate Change problem together by taking the first steps!,What initial actions can we take to address Climate Change?
your-frontend-is-‚ò†Ô∏è-‚ö†Ô∏è-let's-measure-it's-impact-with-co2.js,4,How?,How is the process carried out?
your-frontend-is-‚ò†Ô∏è-‚ö†Ô∏è-let's-measure-it's-impact-with-co2.js,5,"By measuring the carbon footprint of (y)our frontend applications!In this session, we will deep dive into the world of decreasing our CO2 emissions.",How can we reduce the carbon emissions of our web applications?
your-frontend-is-‚ò†Ô∏è-‚ö†Ô∏è-let's-measure-it's-impact-with-co2.js,6,The Green Web Foundation created a library to measure your coding emissions.,What has the Green Web Foundation developed to help track the environmental impact of your coding?
your-frontend-is-‚ò†Ô∏è-‚ö†Ô∏è-let's-measure-it's-impact-with-co2.js,7,"With hands-on examples, we will explore the world of CO2.js, a practical way to measure code by transforming bytes into (kilo) grams of CO2 emissions.Now you're thinking, how do they measure it?",How does CO2.js measure CO2 emissions from code?
your-frontend-is-‚ò†Ô∏è-‚ö†Ô∏è-let's-measure-it's-impact-with-co2.js,8,"By calculating the average carbon intensity of electricity, you can measure it by using the:üå¥ Sustainable Web Design model, that calculates the emission of data center usage, network transfer, end-user device usage, and the production of hardwareüå≤ 1Byte model (The Cost of a Byte), that narrows the emission to a data center and network only.After this session, you will know how to measure your coding emissions, with practical examples.",How can you measure your coding emissions using different models?
your-frontend-is-‚ò†Ô∏è-‚ö†Ô∏è-let's-measure-it's-impact-with-co2.js,9,Everyone has to play a part in the climate solution!,What role can individuals play in addressing climate change?
your-frontend-is-‚ò†Ô∏è-‚ö†Ô∏è-let's-measure-it's-impact-with-co2.js,10,So let's do this together!,What are we going to do together?
"green-software:-if-we-change-the-way-we-code,-then-the-climate-doesn't-have-to-change",0,Enterprise technology by itself is responsible for emitting approximately 1% of global emissions.,How much of the world's emissions are attributed to enterprise technology?
"green-software:-if-we-change-the-way-we-code,-then-the-climate-doesn't-have-to-change",1,Let's put this into perspective.,What does it mean to put something into perspective?
"green-software:-if-we-change-the-way-we-code,-then-the-climate-doesn't-have-to-change",2,This amount matches half of the emissions generated by aviation or shipping industries.,How does this amount of emissions compare to those produced by the aviation and shipping industries?
"green-software:-if-we-change-the-way-we-code,-then-the-climate-doesn't-have-to-change",3,"Even more remarkably, it's similar to the entire carbon footprint of the United Kingdom.",How does this footprint compare to that of the United Kingdom?
"green-software:-if-we-change-the-way-we-code,-then-the-climate-doesn't-have-to-change",4,"So, what can we do about this?",What are some possible solutions to this issue?
"green-software:-if-we-change-the-way-we-code,-then-the-climate-doesn't-have-to-change",5,This talk will share practical green software development principles that you can implement in your project to minimize the environmental impact of your solution.,What strategies can be applied in software development to reduce environmental impact?
"green-software:-if-we-change-the-way-we-code,-then-the-climate-doesn't-have-to-change",6,"Green software is an emerging discipline at the intersection of climate science, software design, electricity markets, hardware, and data center design.",What fields combine to form the discipline of green software?
"green-software:-if-we-change-the-way-we-code,-then-the-climate-doesn't-have-to-change",7,"At its core, green software is all about carbon efficiency.",What is the main focus of green software?
"green-software:-if-we-change-the-way-we-code,-then-the-climate-doesn't-have-to-change",8,It's designed to emit the smallest carbon footprint possible.,What is the main goal of its design?
"green-software:-if-we-change-the-way-we-code,-then-the-climate-doesn't-have-to-change",9,But how is this achieved?,How is this achieved?
"green-software:-if-we-change-the-way-we-code,-then-the-climate-doesn't-have-to-change",10,"It's a careful blend of three key strategies: energy efficiency, carbon awareness, and hardware efficiency.",What are the three key strategies involved in this approach?
"green-software:-if-we-change-the-way-we-code,-then-the-climate-doesn't-have-to-change",11,"We'll delve into these essential concepts, giving you the tools to incorporate them into your own processes.",What are the key concepts that will be explained to help you improve your processes?
"green-software:-if-we-change-the-way-we-code,-then-the-climate-doesn't-have-to-change",12,"Join us, as we navigate this crucial and exciting journey towards sustainable software practices.",What steps are involved in moving toward sustainable software practices?
"obeya,-a-change-of-leadership-mindset",0,"In today's dynamic organizational landscape, the quest for maximum alignment among teams and the pursuit of tangible common goals stand as critical objectives.",Why is alignment among teams important in modern organizations?
"obeya,-a-change-of-leadership-mindset",1,"Rooted in the Japanese concept of collaboration and transparency, Obeya emerges as a compelling methodology to achieve these aspirations.This talk explores the concept of Obeya, the principles behind it, and its  impact on guardrailing synergy and unity across diverse teams.",What is the purpose of the Obeya methodology?
"obeya,-a-change-of-leadership-mindset",2,"By dissecting its core principles, we uncover how Obeya empowers teams to synchronize efforts, mitigate misalignments, and project a clear trajectory toward common objectives.",How does Obeya help teams work together more effectively?
tulips-to-turmeric:-lessons-learned-from-a-global-team,0,Ever wondered why working in a global team feels like unravelling a mystery?,Why does working in an international team sometimes feel complex?
tulips-to-turmeric:-lessons-learned-from-a-global-team,1,You're not alone!,"What does the statement ""You're not alone"" mean in this context?"
tulips-to-turmeric:-lessons-learned-from-a-global-team,2,The reality of working within such a team can differ from expectations.,How might the experience of working in a team differ from what people anticipate?
tulips-to-turmeric:-lessons-learned-from-a-global-team,3,"Often, the greatest challenge for developers isn't the actual work, but rather navigating the distance, understanding cultural disparities, and maintaining meaningful connections with team members.From unexpected challenges to surprising growth opportunities, this talk aims to explore the secrets behind successful distributed teamwork.",What are some of the main challenges developers face when working in distributed teams?
tulips-to-turmeric:-lessons-learned-from-a-global-team,4,"Throughout the session we'll explore practical strategies to enhance communication, bridge cultural gaps, and foster strong collaboration across continents.",What are we going to learn in the session?
tulips-to-turmeric:-lessons-learned-from-a-global-team,5,"Join me as we embark on a journey filled with laughter, learning, and limitless possibilities.",What kind of experiences can one expect from this journey?
using-rag-and-react-to-augment-your-llm-based-applications,0,Large Language Models (LLMs) have some limitations ‚Äì such as being unable to answer questions about data the model wasn‚Äôt trained on or hallucinating fake or misleading information.,What are some of the limitations of Large Language Models?
using-rag-and-react-to-augment-your-llm-based-applications,1,"RAG is the concept of retrieving some data to augment your prompt to the LLM, allowing it to generate more accurate responses and reduce hallucinations.",What is the purpose of using data retrieval in the RAG approach when working with LLMs?
using-rag-and-react-to-augment-your-llm-based-applications,2,ReACT (Reason and Act) is a prompting technique to guide LLM to verbally express their reasoning and adapt its plan based on data from external sources.,What is the purpose of the ReACT prompting technique?
using-rag-and-react-to-augment-your-llm-based-applications,3,"In this talk, you'll learn about RAG and ReACT and how using ReACT + RAG together can help extend and improve accuracy of your LLM-based applications through a sample app.",What is the benefit of combining ReACT with RAG in LLM-based applications?
how-to-build-a-creative-dapp-with-ai&web3,0,"In this session, I'll show you the synergy of AI&web3.",What is the connection between AI and web3?
how-to-build-a-creative-dapp-with-ai&web3,1,"What you'll learn: üëâ Fundamentals of AI and blockchain/web3üëâ About topics like NFTs, smart contract technology üëâ Create something with AI, from text to..... üòÑ (surprise).",What are some of the core topics you will learn about in AI and blockchain/web3?
how-to-build-a-creative-dapp-with-ai&web3,2,üëâ that will be turned into a Dapp so interactions with the blockchain will be shown and seen.,What is the purpose of turning this into a Dapp?
how-to-build-a-creative-dapp-with-ai&web3,3,"This is for all kind of developers but especially those who like to be creative, with functionality and design, plus who are interested in knowing more about blockchain + web3.",What kind of developers might find the information about blockchain and web3 particularly useful?
how-to-build-a-creative-dapp-with-ai&web3,4,"It's a full coding session, so bring your laptop and your phone also will play a role in this session!",What devices should you bring to the coding session?
botching-up-your-git-branches-and-unbotching-them,0,Want to learn how a ancient Greek general saved my work?,How did an ancient Greek general save the work?
botching-up-your-git-branches-and-unbotching-them,1,Did you ever mess up your git branches in a very bad way?,Have you ever made a serious mistake while managing your git branches?
botching-up-your-git-branches-and-unbotching-them,2,Do you enjoy learning from some one else mistake?Well I managed to mishandle them in a terrible way.,How did you mishandle learning from someone else's mistake?
botching-up-your-git-branches-and-unbotching-them,3,"I will share with you just how I did it, what I tried, how I failed and finally how I unbotched the botch-up.",What steps did you take to fix the mistake you made?
botching-up-your-git-branches-and-unbotching-them,4,Time to untie the Gordian knot!,"What does the phrase ""untie the Gordian knot"" mean?"
unleashing-the-power-of-developer-tools-for-web-accessibility-testing,0,"When it comes to testing for accessibility of our web apps, most of us would have used Chrome Lighthouse to generate a report and use the results to improve the accessibility of our web apps.",What tool do many people use to test and improve the accessibility of their web apps?
unleashing-the-power-of-developer-tools-for-web-accessibility-testing,1,"However, that is not the only way to test for accessibility, and those tests can only detect a subset of issues.",What are some other methods to check for accessibility issues?
unleashing-the-power-of-developer-tools-for-web-accessibility-testing,2,"Do you know, there are many other ways in which we can test for accessibility using those same dev tools?",What are some other methods to test for accessibility using development tools?
unleashing-the-power-of-developer-tools-for-web-accessibility-testing,3,"In this talk, we will delve beyond the conventional use of Chrome Lighthouse and uncover several alternative methods within the developer tools to test web accessibility.",What other techniques besides Chrome Lighthouse can be used to evaluate web accessibility?
unleashing-the-power-of-developer-tools-for-web-accessibility-testing,4,"We will explore techniques such as inspecting the accessibility tree, gaining insights into ARIA attributes, emulating various vision disabilities, and more.",What methods can be used to evaluate website accessibility?
unleashing-the-power-of-developer-tools-for-web-accessibility-testing,5,"So, join me in this session, where we will unlock the potential of dev tools to unveil a diverse range of accessibility issues.",What will be discussed in the session about dev tools?
unleashing-the-power-of-developer-tools-for-web-accessibility-testing,6,"Let's all learn together and improve how we test for web accessibility, and make the web inclusive for all our users.",How can we work together to enhance web accessibility testing and create a more inclusive online experience for everyone?
secure-software-ecosystems:-best-practices-and-regulatory-insights,0,"Every day, we encounter another critical vulnerability such as Log4J, Spring4Shell, or the XZ Backdoor, prompting us to wonder if we could be the next target.",What are some examples of significant vulnerabilities that could pose threats?
secure-software-ecosystems:-best-practices-and-regulatory-insights,1,"During this session, we will explore the process of establishing a secure software development ecosystem to mitigate these security risks.",What will be explored during this session to address security risks in software development?
secure-software-ecosystems:-best-practices-and-regulatory-insights,2,"Ali, leveraging years of experience as a Security Engineer, and Soroosh, offering his expertise in software development, will discuss strategies for attaining this objective.",What backgrounds do the speakers have that qualify them to discuss strategies for achieving this goal?
secure-software-ecosystems:-best-practices-and-regulatory-insights,3,Key takeaways from this session include:- Understanding DevSecOps and its role in securing our applications.- Best practices for building a secure software ecosystem.- A brief overview of Supply Chain Attacks and their significance.- The importance of the Software Bill of Materials and the best available solutions in the market.- Principles and techniques for securing cloud-native applications from development to deployment.- Exploring EU regulations regarding supply chain attacks and their impact on software security practices.,What is the significance of understanding DevSecOps in securing applications?
deep-dive-into-model-driven-design:-refining-domain-models-in-code,0,"Most software products begin with an initial software model, one that is typically naive and superficial, grounded in basic understanding.",What is common about the starting point of most software products?
deep-dive-into-model-driven-design:-refining-domain-models-in-code,1,"This initial phase is natural, as it aligns with the early stages of discovering and exploring a new product with stakeholders.",Why is the initial phase considered natural in the context of engaging with a new product?
deep-dive-into-model-driven-design:-refining-domain-models-in-code,2,"Initially, the process involves identifying nouns and verbs to create the first objects and methods in our code.",How does the initial process of creating the first objects and methods in code begin?
deep-dive-into-model-driven-design:-refining-domain-models-in-code,3,"While this early model enables quick feedback for the product, it often becomes less effective over time.",Why does this early model become less effective over time?
deep-dive-into-model-driven-design:-refining-domain-models-in-code,4,"As more feedback is gathered, the model usually fails to accurately reflect the main concerns of domain experts, becoming less relevant for the product's development.",Why does the model become less relevant for the product's development over time?
deep-dive-into-model-driven-design:-refining-domain-models-in-code,5,"The absence of a model that mirrors the domain's core aspects can prevent adjustments to the code based on changing stakeholder needs, potentially blocking product innovations.",How can the lack of a relevant model affect the ability to innovate a product?
deep-dive-into-model-driven-design:-refining-domain-models-in-code,6,"Additionally, the gap between the code and the domain model leads to missed opportunities for insights, as the code no longer represents our domain knowledge accurately.Join us in this live coding talk session focused on the significance of continuously refining your core domain models in code.",Why is it important to keep updating your core domain models in the code?
deep-dive-into-model-driven-design:-refining-domain-models-in-code,7,"We will introduce you to the context by guiding you through several collaborative modelling techniques such as Eventstorming, Domain Storytelling, Context Mapping, CRC-cards and more.",What are some collaborative modelling techniques introduced in the context?
deep-dive-into-model-driven-design:-refining-domain-models-in-code,8,We then dive into coding challenges using C# where you'll witness firsthand the transformative power of supple design and a deeper model.,What benefits can one expect from using flexible design and a deeper model in C# coding challenges?
deep-dive-into-model-driven-design:-refining-domain-models-in-code,9,"By the end, you'll understand how continuously refactoring the model can be pivotal in driving product development breakthroughs.",How can continuously refactoring the model impact product development?
deep-dive-into-model-driven-design:-refining-domain-models-in-code,10,"You'll depart with enriched practical insights and a Deep Dive of Part III of Evans‚Äôs groundbreaking work on Domain-Driven Design (DDD) that goes beyond basic concepts like aggregates, entities, and value objects.",What advanced knowledge can you expect to gain from Part III of Evans's work on Domain-Driven Design?
live-coding:-mastering-web-scraping-with-scrapoxy,0,Join me for an incredible live-coding masterclass to unlock the full potential of Web Scraping!,What is the main focus of the upcoming live-coding masterclass?
live-coding:-mastering-web-scraping-with-scrapoxy,1,"From novice to virtuoso, you‚Äôll learn advanced legal techniques for collecting crucial datasets to train AI models.üîç Highlights üîç Protection Disclosed üîí- Overcome fingerprint challenges and anti-bot measures.- Reverse engineering protection to understand tracking signalsProxy and Browser Farms Adventure üåê- Discover Scrapoxy, the free and open-source proxies aggregator tailored for Web Scraping- Become an expert in browser farms with PlaywrightThis live session will immerse you in the secret world of data.",What tools will you explore for handling proxy and browser farms?
live-coding:-mastering-web-scraping-with-scrapoxy,2,Don't miss the unique opportunity to master these essential skills!#data #webscraping #livecoding,What essential skills can you learn from this opportunity?
empowering-sustainability:-how-essent's-innovative-approach-and-habit-building-cuts-cloud-waste,0,"Understanding that Essent's journey towards becoming fully cloud-native is ongoing, we acknowledge our current reliance on traditional infrastructures, such as EC2 and RDS instances.",What traditional infrastructures are still being used as Essent moves towards becoming fully cloud-native?
empowering-sustainability:-how-essent's-innovative-approach-and-habit-building-cuts-cloud-waste,1,"To bridge this gap, Essent has engineered a serverless solution that empowers developers to manage their environments effortlessly through straightforward Slack commands or API‚Äôs, accessible via a developer portal.",How does Essent's serverless solution help developers manage their environments?
empowering-sustainability:-how-essent's-innovative-approach-and-habit-building-cuts-cloud-waste,2,"This innovation enables Essent engineers to stop or start non-production environments with the same ease as turning off a light switch, marking the end of their workday or starting a new one by reducing cloud waste.",How does this innovation benefit Essent engineers in managing non-production environments?
empowering-sustainability:-how-essent's-innovative-approach-and-habit-building-cuts-cloud-waste,3,"Crucially, the cornerstone of this initiative was habit building.",What was the fundamental aspect of this initiative?
empowering-sustainability:-how-essent's-innovative-approach-and-habit-building-cuts-cloud-waste,4,"More than the introduction of a new tool, fostering a culture where sustainable practices became second nature was key.",Why was fostering a culture of sustainable practices important?
empowering-sustainability:-how-essent's-innovative-approach-and-habit-building-cuts-cloud-waste,5,"We encountered challenges early on‚Äîefforts to shift habits met with resistance, and initial adoption rates were low.",What obstacles were faced when trying to change habits initially?
empowering-sustainability:-how-essent's-innovative-approach-and-habit-building-cuts-cloud-waste,6,"Success came from deriving feedback from anecdotes and working backwards from the employees' perspective.In this talk we will share our journey of identifying cloud inefficiencies, how we deployed an innovative approach to tackle this issue and how we built habits, empowering our development teams to adopt more sustainable practices.",How did they address cloud inefficiencies and encourage sustainable practices among development teams?
give-your-apps-superpowers-with-an-ai-native-database,0,"Databases are going all-in on AI.We all know that AI is ""the"" hot new thing.",What is the current trend with databases in relation to AI?
give-your-apps-superpowers-with-an-ai-native-database,1,"AI is fast transforming not just the tech world, but our world in general.",How is AI changing various aspects of life beyond just technology?
give-your-apps-superpowers-with-an-ai-native-database,2,"Who among us hasn't had a relative, friend, or Uber driver ask us about this in the last year?But what's AI got to do with databases?",What is the relationship between AI and databases?
give-your-apps-superpowers-with-an-ai-native-database,3,"As it turns out, quite a lot.",What is the extent of what is involved?
give-your-apps-superpowers-with-an-ai-native-database,4,"The right database can help your application, business, or customer get more out of AI, faster.",How can the right database enhance the performance of AI applications?
give-your-apps-superpowers-with-an-ai-native-database,5,"What's more, the right database can even make the AI models themselves work better.That's why existing databases are scrambling to support AI use cases, and developers are looking for databases that offer features and deep integration with various AI models, capabilities and power AI-powered applications.This talk will cover all this through the lens of it means for a database to be ""AI-native"".",Why are developers seeking out databases with specific features and deep integration with AI models?
give-your-apps-superpowers-with-an-ai-native-database,6,"AI-native databases are designed to empower builders and developers to build AI-powered tools.We'll talk about how they enable better search, integrate with generative AI models, and improve generative models' capabilities.",How do AI-native databases enhance search functionalities?
give-your-apps-superpowers-with-an-ai-native-database,7,"We'll also talk about the key pieces of technology that enable these value-adds, like vector indexes, vector and hybrid search, retrieval augmented generation, and multi-tenancy.",What are some critical technologies that help facilitate these additional benefits?
give-your-apps-superpowers-with-an-ai-native-database,8,"Of course, there'll be live demos and examples to round out the talk, too.So join us to learn why an AI-native database should be an integral part of your AI tech stack.",Why should an AI-native database be an essential part of your AI technology stack?
using-ai-to-save-time-and-sanity,0,"In today's academic world, the number of scientific papers on any topic is growing.",Why is the number of scientific papers on various topics increasing in today's academic world?
using-ai-to-save-time-and-sanity,1,"While this wealth of textual data is a treasure trove for data scientists, it simultaneously presents significant challenges for anyone who wants to screen this literature systematically.",What are the challenges for individuals wanting to systematically review a large amount of textual data?
using-ai-to-save-time-and-sanity,2,"Whether for medical guidelines, review papers, or for evidence-based policy recommendations, one needs to systematically sift through thousands of studies to identify the rare relevant ones.",Why is it necessary to review many studies to find the relevant ones for medical guidelines or policy recommendations?
using-ai-to-save-time-and-sanity,3,"This tedious, time-consuming, and error-prone process (e.g., due to screening fatigue) usually demands months of work.",Why does this process take months of work?
using-ai-to-save-time-and-sanity,4,"Despite this effort, systematic overviews are indispensable for scholars and clinicians, policymakers, journalists, and the public at large.",Why are systematic overviews considered essential for various groups like scholars and policymakers?
using-ai-to-save-time-and-sanity,5,"The rapidly evolving field of AI offers promising solutions to the literature screening challenge using machine learning models and, very recently, large language models (LLMs).",How is the field of artificial intelligence addressing the challenge of literature screening?
using-ai-to-save-time-and-sanity,6,"However, many of these AI-driven solutions emerge from tech companies that publish new and, hopefully, better models at an unprecedented rate.",Where do many AI-driven solutions originate from?
using-ai-to-save-time-and-sanity,7,"The rapidity of advancements in the field of AI outpaces meticulous scientific evaluations, leaving many methods unrefined and unproven.",Why are many AI methods still unrefined and unproven?
using-ai-to-save-time-and-sanity,8,"Moreover, we know that the broader scientific community (and beyond) has concerns about using LLMs for research: Should we replace human screeners with an AI (as predicted by OpenAI), or should we keep a human in the loop?",What are the concerns about using AI instead of humans for research screening?
using-ai-to-save-time-and-sanity,9,"And, if we want to use an AI, what model is best for maximizing performance and under what conditions?",What AI model should we choose to achieve the best performance and under which conditions?
using-ai-to-save-time-and-sanity,10,"How do humans interact with machines, and what types of bias are introduced by these new workflows?At The AI-aided knowledge discovery lab at Utrecht University, we facilitate research to answer such questions and develop fully open and transparent infrastructure to test and apply new models to real-world applications, including the open-source software ASReview (https://github.com/asreview).",How does the AI-aided knowledge discovery lab at Utrecht University help in researching human and machine interactions and addressing biases?
using-ai-to-save-time-and-sanity,11,"During the presentation, Rens will present several use cases where comprehensive literature overviews are essential (think of medical guidelines, side-effects of drugs, and dosage recommendations for children).",What are some scenarios where detailed literature reviews are important?
using-ai-to-save-time-and-sanity,12,"He will show how machine learning models can accelerate the screening task, and then we will discuss whether AI can fully replace humans for this task‚Ä¶p.s., Become a stargazer of the ASReview project and help us to increase visibility!",How can machine learning models speed up the screening process?
from-puzzles-to-proficiency:-the-opportunities-of-coding-competitions,0,"For as long as we know, we have been competing.",Why have humans always been competing?
from-puzzles-to-proficiency:-the-opportunities-of-coding-competitions,1,Arenas were built by the Romans to compete.,Why did the Romans construct arenas?
from-puzzles-to-proficiency:-the-opportunities-of-coding-competitions,2,"Put to two kids in a room with just a stone, and they will start a completion about the silliest thing they can do with that stone.",What could two kids do with a stone if left alone in a room?
from-puzzles-to-proficiency:-the-opportunities-of-coding-competitions,3,Humans are inherently competitive.,Why are humans naturally competitive?
from-puzzles-to-proficiency:-the-opportunities-of-coding-competitions,4,"However, the work we do is mostly about market outcome, and the outcome is not entirely based on skills or how good we are at using our tools.",What factors other than skills and tool proficiency influence the market outcome in your work?
from-puzzles-to-proficiency:-the-opportunities-of-coding-competitions,5,Programming competitions like Advent of Code or hackathons are a nice environment to experiment with tools and technologies while gaining new or improving skills and insights.,What are programming competitions like Advent of Code or hackathons useful for?
from-puzzles-to-proficiency:-the-opportunities-of-coding-competitions,6,"And at the same time, you connect with colleagues or new people.In this talk, we first dive into why these competitions can be fun, and how we can benefit from events like this.",Why might participating in competitions with colleagues or new people be enjoyable and beneficial?
from-puzzles-to-proficiency:-the-opportunities-of-coding-competitions,7,"Next, we look into my experience while organizing various programming competitions.",What can you tell me about your experience organizing programming competitions?
from-puzzles-to-proficiency:-the-opportunities-of-coding-competitions,8,"This will include some examples, takeaways and maybe a blunder or two, which will help you participate or organize a competition!",What useful insights can you gain to either join or set up a competition?
public-speaking:-from-biggest-fear-to-greatest-love,0,Is the thought of having to speak in front of a group of people your worst nightmare?,Do you dread the idea of speaking in front of an audience?
public-speaking:-from-biggest-fear-to-greatest-love,1,It definitely was mine!,What are you referring to when you say it was yours?
public-speaking:-from-biggest-fear-to-greatest-love,2,"In this session I will share my journey from not wanting to speak at all around people, to confidently approaching people I don't know.",What was your journey like from being shy to confidently approaching strangers?
public-speaking:-from-biggest-fear-to-greatest-love,3,"I'll provide insights into my personal experiences and offer tips to help you become more comfortable with public speaking, even in front of large audiences.",How can you become more comfortable with public speaking in front of large audiences?
the-shitposting-ai---an-ironic-solution-to-fruitless-online-debate,0,"Using modern AI approaches such as GPT-2, Tacotron and Conformers, we created fully autonomous robot heads that engage in heated social media discussions, completely taking the human out of the loop.",How do modern AI approaches enable autonomous robot heads to engage in social media discussions without human involvement?
the-shitposting-ai---an-ironic-solution-to-fruitless-online-debate,1,"The TNG Innovation Hacking Team created a prototype of an end-to-end natural language understanding system, employing techniques such as Speech-to-Text (STT), Conditional Text Generation and Text-To-Speech (TTS).Social media comments have become the predominant medium for public discussion.",What technologies did the TNG Innovation Hacking Team use in their natural language understanding system?
the-shitposting-ai---an-ironic-solution-to-fruitless-online-debate,2,"However, discussions on Facebook, Twitter and Reddit are notorious for their poor debate culture and missing conclusiveness.",Why are debates on certain social media platforms often inconclusive and poorly conducted?
the-shitposting-ai---an-ironic-solution-to-fruitless-online-debate,3,The obvious solution to this tremendous waste of time is automation of such fruitless discussions using a bot.,What is a proposed solution to save time spent on unproductive discussions?
the-shitposting-ai---an-ironic-solution-to-fruitless-online-debate,4,"In this talk, we will give an introduction to NLP, focussing on the concepts of STT, Text Generation and TTS.",What are the main concepts covered in the introduction to NLP in this talk?
the-shitposting-ai---an-ironic-solution-to-fruitless-online-debate,5,"Using live demos, we will guide you through the process of scraping social media comments, training a text generation model, synthesizing millions of voices and building IoT robot heads.",What steps are involved in creating IoT robot heads?
sky-guardians:-revolutionizing-wildlife-monitoring-with-drones-and-iot,0,"Ever wondered how a simple idea can evolve into an extensive network of IoT sensors, tracking wildlife across thousands of hectares?",How can a basic concept transform into a widespread network of IoT sensors monitoring wildlife over large areas?
sky-guardians:-revolutionizing-wildlife-monitoring-with-drones-and-iot,1,"Traditional wildlife monitoring, involving manual counts and measurements, is time-consuming and often inaccurate.",Why is traditional wildlife monitoring considered inefficient?
sky-guardians:-revolutionizing-wildlife-monitoring-with-drones-and-iot,2,"By leveraging sensor technology, we can automate tracking, localization, and counting 24/7, reducing ecological damage and aiding in achieving climate goals.Join me as I share the journey from concept to prototype, and the scaling up to a fully operational sensor network, highlighting the challenges faced and the groundbreaking impact on ecological studies.",How can sensor technology contribute to achieving climate goals?
beats-in-the-browser---coding-music-with-javascript,0,Javascript is extremely versatile.,Why is Javascript considered very flexible?
beats-in-the-browser---coding-music-with-javascript,1,"We use it to build frontend, backend, desktop and mobile apps.",What types of applications can this tool be used to build?
beats-in-the-browser---coding-music-with-javascript,2,But did you know you can even create music with it ?,Can you actually make music with it?
beats-in-the-browser---coding-music-with-javascript,3,"!In this talk, Rowdy will show you how easy and fun it is to code your own music with the Web Audio API.",What will Rowdy demonstrate about creating music with the Web Audio API?
beats-in-the-browser---coding-music-with-javascript,4,"As a bonus, he will throw in the Web MIDI API and Web Bluetooth API to really get the party started.",What additional APIs will be included as a bonus to enhance the experience?
beats-in-the-browser---coding-music-with-javascript,5,Let‚Äôs turn up the bass!,What does it mean to turn up the bass?
it's-not-rocket-science!-or-is-it?,0,"Do you know that ""come on, it's hardly rocket science!?""-feeling?",Have you ever felt like something should be easy to understand because it's not complicated?
it's-not-rocket-science!-or-is-it?,1,"As a software developer, up to now I've spent my entire career building things that literally weren't rocket science.",What kind of work has the software developer focused on in their career so far?
it's-not-rocket-science!-or-is-it?,2,I do have a passion for rockets and all things space.,What is one of your main interests related to space?
it's-not-rocket-science!-or-is-it?,3,In this talk I combine two of my biggest interests in one talk.,What are the two main interests discussed in this talk?
it's-not-rocket-science!-or-is-it?,4,We'll dive into how rockets work and how the companies behind them do.,How do rockets function and what do rocket companies do?
it's-not-rocket-science!-or-is-it?,5,"And we'll see how much we can learn from looking at a couple of those companies, the things they do and the mistakes they made.",What can be learned from examining the actions and errors of certain companies?
it's-not-rocket-science!-or-is-it?,6,"Not just rockets, by the way.",What other types of spacecraft are being developed besides rockets?
it's-not-rocket-science!-or-is-it?,7,There are things we can learn from other industries as well.,What can we learn from other industries?
it's-not-rocket-science!-or-is-it?,8,"If you're interested in a different perspective on how to improve your team, department or company even; this talk might be worth it.",What can you learn from this talk to enhance your organization?
it's-not-rocket-science!-or-is-it?,9,"And if that doesn't sounds that appealing, but looking at big screen photos and video of rockets does: just ignore my ramblings ;) This is a flight proven talk.",What is a flight proven talk?
building-the-future:-ai-infused-software-architecture,0,"In this engaging session, we'll delve into the transformative intersection of artificial intelligence and software architecture.",What will be the focus of the session discussed in the context?
building-the-future:-ai-infused-software-architecture,1,The integration of AI technology is revolutionizing the way we approach software design and development.,How is AI technology changing the approach to software design and development?
building-the-future:-ai-infused-software-architecture,2,"We'll embark on a journey to uncover how AI empowers architects to make more informed decisions, optimize system performance, and enhance the overall development process.",How does AI help architects improve their decision-making and development processes?
building-the-future:-ai-infused-software-architecture,3,"From intelligent decision support systems that analyze vast data sets to automating repetitive tasks, AI opens up a world of possibilities for architects.",How does AI benefit architects in their work?
building-the-future:-ai-infused-software-architecture,4,"Through real-world examples and practical insights, you'll gain a deeper understanding of how AI is becoming a vital tool in the architect's arsenal.As we explore the landscape of AI in software architecture, we'll discuss the practical applications and implications of this exciting synergy.",How is AI being utilized in the field of software architecture?
building-the-future:-ai-infused-software-architecture,5,"You'll discover how AI can lead to more efficient, resilient, and adaptive software systems.",How can AI improve the efficiency and adaptability of software systems?
building-the-future:-ai-infused-software-architecture,6,"Join us to unlock the potential of AI-driven architectural innovation, and learn how to harness this cutting-edge technology to stay at the forefront of the software architecture field.",How can AI-driven architectural innovation help in advancing software architecture?
building-the-future:-ai-infused-software-architecture,7,"Whether you're an experienced architect or a newcomer to the field, this talk offers valuable insights into the future of software design and development.",What can attendees of this talk expect to learn about the future of software design and development?
understanding-css-layout:-the-concepts-underlying-your-(least)-favorite-language.,0,"Have you ever felt perplexed by CSS, struggling to understand why the browser put the element where it did, and why it didn‚Äôt just follow the clear instructions you wrote?",Have you ever been confused by why a browser places elements differently than expected in CSS?
understanding-css-layout:-the-concepts-underlying-your-(least)-favorite-language.,1,"Do you think CSS is hard to work with?By getting a better understanding of the concepts that underlie the language, you‚Äôll learn to ‚Äúsee the matrix‚Äù.",What can help make CSS easier to work with?
understanding-css-layout:-the-concepts-underlying-your-(least)-favorite-language.,2,"There‚Äôs normal flow, stacking context, offset parents‚Ä¶ how do they interact with grid and flex layouts?","How do normal flow, stacking context, and offset parents interact with grid and flex layouts?"
understanding-css-layout:-the-concepts-underlying-your-(least)-favorite-language.,3,This talk unveils those concepts in a fun and engaging way.,What does the talk aim to reveal?
